<?xml version="1.0" encoding="UTF-8"?>
<ti:app xmlns:ti="http://ti.appcelerator.org">
    <property name="acs-oauth-secret-production" type="string">nE72jbMqQmizZaQEPhvXw0ok9f7Js4qs</property>
    <property name="acs-oauth-key-production" type="string">fZKwMVvaIn3L1sZUtxHnEZ1lmigedqGH</property>
    <property name="acs-api-key-production" type="string">cWsb5WYDhEkpJN6PkynCzRB7SSsYQ6cO</property>
    <property name="acs-oauth-secret-development" type="string">61vPJdnqrbJkrDV0S2a9fCj5sYyVz7Th</property>
    <property name="acs-oauth-key-development" type="string">uxBIuNR5L9YBe5vM6gIWAL8G8K9xcISk</property>
    <property name="acs-api-key-development" type="string">TO40zAEZ1RlFE7nTF1MrispQS3whvULw</property>
    <id>com.saeid.tt01</id>
    <name>tt01</name>
    <version>1.0</version>
    <publisher>admin</publisher>
    <url>http://cloudcodeclub.com</url>
    <description>not specified</description>
    <copyright>2013 by admin</copyright>
    <icon>appicon.png</icon>
    <persistent-wifi>false</persistent-wifi>
    <prerendered-icon>false</prerendered-icon>
    <statusbar-style>default</statusbar-style>
    <statusbar-hidden>false</statusbar-hidden>
    <fullscreen>false</fullscreen>
    <navbar-hidden>false</navbar-hidden>
    <analytics>true</analytics>
    <guid>d4403763-9bc7-4551-b31a-f4f95024935a</guid>
    <property name="ti.ui.defaultunit" type="string">system</property>
    <iphone>
        <orientations device="iphone">
            <orientation>Ti.UI.PORTRAIT</orientation>
        </orientations>
        <orientations device="ipad">
            <orientation>Ti.UI.PORTRAIT</orientation>
            <orientation>Ti.UI.UPSIDE_PORTRAIT</orientation>
            <orientation>Ti.UI.LANDSCAPE_LEFT</orientation>
            <orientation>Ti.UI.LANDSCAPE_RIGHT</orientation>
        </orientations>
    </iphone>
    <!--Ryan-->
    <property name="ti.android.google.map.api.key,production">API_KEY</property>
    <android xmlns:android="http://schemas.android.com/apk/res/android">
        <!--Adding Keys based on devices-->
        <manifest/>
        <!--get id from android developers on website-->
    </android>
    <mobileweb>
        <precache/>
        <splash>
            <enabled>true</enabled>
            <inline-css-images>true</inline-css-images>
        </splash>
        <theme>default</theme>
    </mobileweb>
    <modules>
        <module platform="commonjs">ti.cloud</module>
    </modules>
    <deployment-targets>
        <target device="blackberry">false</target>
        <target device="android">false</target>
        <target device="ipad">true</target>
        <target device="iphone">true</target>
        <target device="mobileweb">true</target>
    </deployment-targets>
    <sdk-version>3.0.2.GA</sdk-version>
</ti:app>
